"Year";"BatchID";"MotherID";"FatherID";"ChickenID";"Sex";"Species";"Species_Latin"
2019;"";7735;7904;1101;"M";"Red Junglefowl";"G. g. gallus"
2019;"";7910;7708;1102;"M";"Red Junglefowl";"G. g. gallus"
2019;"";0;7739;1104;"F";"Red Junglefowl";"G. g. gallus"
2020;"";2057;2009;1105;"";"Red Junglefowl";"G. g. gallus"
2020;"";2005;2088;1106;"";"Red Junglefowl";"G. g. gallus"
2020;"";2005;2088;1107;"";"Red Junglefowl";"G. g. gallus"
2020;"";2040;2078;1108;"";"Red Junglefowl";"G. g. gallus"
2020;"";2023;2004;1109;"";"Red Junglefowl";"G. g. gallus"
2020;"";2089;2006;1110;"";"Red Junglefowl";"G. g. gallus"
2020;"";2090;2086;1111;"";"Red Junglefowl";"G. g. gallus"
2020;"";2027;2046;1112;"";"Red Junglefowl";"G. g. gallus"
2020;"";2038;2015;1113;"";"Red Junglefowl";"G. g. gallus"
2020;"";2038;2015;1114;"";"Red Junglefowl";"G. g. gallus"
2020;"";2044;2061;1115;"";"Red Junglefowl";"G. g. gallus"
2020;"";2005;2088;1116;"";"Red Junglefowl";"G. g. gallus"
2020;"";2044;2061;1117;"";"Red Junglefowl";"G. g. gallus"
2020;"";2075;2091;1118;"";"Red Junglefowl";"G. g. gallus"
2020;"";2070;2035;1119;"";"Red Junglefowl";"G. g. gallus"
2020;"";2094;2019;1120;"";"Red Junglefowl";"G. g. gallus"
2020;"";2034;2024;1121;"";"Red Junglefowl";"G. g. gallus"
2020;"";2012;2073;1122;"";"Red Junglefowl";"G. g. gallus"
2020;"";2044;2061;1123;"";"Red Junglefowl";"G. g. gallus"
2020;"";2040;2078;1124;"";"Red Junglefowl";"G. g. gallus"
2020;"";2087;2072;1125;"";"Red Junglefowl";"G. g. gallus"
2019;"";0;7809;1126;"M";"Red Junglefowl";"G. g. gallus"
2020;"";2012;2073;1127;"";"Red Junglefowl";"G. g. gallus"
2020;"";2087;2072;1128;"";"Red Junglefowl";"G. g. gallus"
2020;"";2030;2016;1129;"";"Red Junglefowl";"G. g. gallus"
2020;"";2030;2016;1130;"";"Red Junglefowl";"G. g. gallus"
2020;"";2056;2053;1131;"";"Red Junglefowl";"G. g. gallus"
2020;"";2040;2078;1132;"";"Red Junglefowl";"G. g. gallus"
2020;"";2057;2009;1133;"";"Red Junglefowl";"G. g. gallus"
2020;"";2048;2083;1134;"";"Red Junglefowl";"G. g. gallus"
2020;"";2044;2061;1135;"";"Red Junglefowl";"G. g. gallus"
2020;"";2075;2091;1136;"";"Red Junglefowl";"G. g. gallus"
2020;"";2030;2016;1137;"";"Red Junglefowl";"G. g. gallus"
2020;"";2054;1101;1138;"";"Red Junglefowl";"G. g. gallus"
2020;"";2044;2061;1139;"";"Red Junglefowl";"G. g. gallus"
2020;"";2044;2061;1140;"";"Red Junglefowl";"G. g. gallus"
2020;"";2034;2024;1141;"";"Red Junglefowl";"G. g. gallus"
2020;"";2020;2001;1142;"";"Red Junglefowl";"G. g. gallus"
2020;"";2040;2078;1143;"";"Red Junglefowl";"G. g. gallus"
2020;"";2007;2026;1145;"";"Red Junglefowl";"G. g. gallus"
2019;"";7896;7914;2001;"M";"Red Junglefowl";"G. g. gallus"
2019;"";7896;7914;2002;"F";"Red Junglefowl";"G. g. gallus"
2019;"";7896;7914;2003;"F";"Red Junglefowl";"G. g. gallus"
2019;"";7748;7713;2004;"M";"Red Junglefowl";"G. g. gallus"
2019;"";7748;7713;2005;"F";"Red Junglefowl";"G. g. gallus"
2019;"";7748;7713;2006;"M";"Red Junglefowl";"G. g. gallus"
2019;"";7748;7713;2007;"F";"Red Junglefowl";"G. g. gallus"
2019;"";7748;7713;2008;"M";"Red Junglefowl";"G. g. gallus"
2019;"";7748;7713;2009;"M";"Red Junglefowl";"G. g. gallus"
2019;"";7748;7713;2010;"";"Red Junglefowl";"G. g. gallus"
2019;"";0;7909;2011;"F";"Red Junglefowl";"G. g. gallus"
2019;"";7907;7709;2012;"F";"Red Junglefowl";"G. g. gallus"
2019;"";7907;7709;2013;"F";"Red Junglefowl";"G. g. gallus"
2019;"";7907;7709;2014;"F";"Red Junglefowl";"G. g. gallus"
2019;"";7907;7709;2015;"M";"Red Junglefowl";"G. g. gallus"
2019;"";7907;7709;2016;"M";"Red Junglefowl";"G. g. gallus"
2019;"";0;7753;2017;"M";"Red Junglefowl";"G. g. gallus"
2019;"";0;7753;2018;"M";"Red Junglefowl";"G. g. gallus"
2019;"";0;7753;2019;"M";"Red Junglefowl";"G. g. gallus"
2019;"";7754;7905;2020;"F";"Red Junglefowl";"G. g. gallus"
2019;"";7754;7905;2021;"F";"Red Junglefowl";"G. g. gallus"
2019;"";7754;7905;2022;"F";"Red Junglefowl";"G. g. gallus"
2019;"";7754;7905;2023;"F";"Red Junglefowl";"G. g. gallus"
2019;"";7754;7905;2024;"M";"Red Junglefowl";"G. g. gallus"
2019;"";7754;7905;2025;"";"Red Junglefowl";"G. g. gallus"
2019;"";7754;7905;2026;"M";"Red Junglefowl";"G. g. gallus"
2019;"";7754;7905;2027;"F";"Red Junglefowl";"G. g. gallus"
2019;"";7872;7750;2028;"";"Red Junglefowl";"G. g. gallus"
2019;"";7754;7905;2029;"";"Red Junglefowl";"G. g. gallus"
2019;"";7754;7905;2030;"F";"Red Junglefowl";"G. g. gallus"
2019;"";7754;7905;2031;"";"Red Junglefowl";"G. g. gallus"
2019;"";0;7909;2032;"M";"Red Junglefowl";"G. g. gallus"
2019;"";7702;7169;2033;"M";"Red Junglefowl";"G. g. gallus"
2019;"";7702;7169;2034;"F";"Red Junglefowl";"G. g. gallus"
2019;"";7702;7169;2035;"M";"Red Junglefowl";"G. g. gallus"
2019;"";7872;7750;2036;"M";"Red Junglefowl";"G. g. gallus"
2019;"";7872;7750;2037;"";"Red Junglefowl";"G. g. gallus"
2019;"";7872;7750;2038;"F";"Red Junglefowl";"G. g. gallus"
2019;"";7872;7750;2039;"";"Red Junglefowl";"G. g. gallus"
2019;"";7872;7750;2040;"F";"Red Junglefowl";"G. g. gallus"
2019;"";0;7809;2041;"F";"Red Junglefowl";"G. g. gallus"
2019;"";0;0;2042;"F";"Red Junglefowl";"G. g. gallus"
2019;"";7749;7786;2044;"F";"Red Junglefowl";"G. g. gallus"
2019;"";0;7738;2045;"F";"Red Junglefowl";"G. g. gallus"
2019;"";0;7738;2046;"M";"Red Junglefowl";"G. g. gallus"
2019;"";7749;7786;2047;"M";"Red Junglefowl";"G. g. gallus"
2019;"";7749;7786;2048;"F";"Red Junglefowl";"G. g. gallus"
2019;"";7749;7786;2049;"M";"Red Junglefowl";"G. g. gallus"
2019;"";7754;7905;2050;"";"Red Junglefowl";"G. g. gallus"
2019;"";7874;0;2051;"M";"Red Junglefowl";"G. g. gallus"
2019;"";7874;0;2052;"M";"Red Junglefowl";"G. g. gallus"
2019;"";7874;0;2053;"M";"Red Junglefowl";"G. g. gallus"
2019;"";7770;0;2054;"F";"Red Junglefowl";"G. g. gallus"
2019;"";7770;0;2055;"M";"Red Junglefowl";"G. g. gallus"
2019;"";7770;0;2056;"F";"Red Junglefowl";"G. g. gallus"
2019;"";7872;7750;2057;"";"Red Junglefowl";"G. g. gallus"
2019;"";7770;0;2058;"";"Red Junglefowl";"G. g. gallus"
2019;"";7789;7809;2059;"M";"Red Junglefowl";"G. g. gallus"
2019;"";7872;7750;2060;"";"Red Junglefowl";"G. g. gallus"
2019;"";7872;7750;2061;"M";"Red Junglefowl";"G. g. gallus"
2019;"";7789;7809;2062;"M";"Red Junglefowl";"G. g. gallus"
2019;"";7789;7809;2063;"M";"Red Junglefowl";"G. g. gallus"
2019;"";7789;7809;2064;"M";"Red Junglefowl";"G. g. gallus"
2019;"";7789;7809;2065;"F";"Red Junglefowl";"G. g. gallus"
2019;"";7910;7708;2066;"M";"Red Junglefowl";"G. g. gallus"
2019;"";7910;7708;2068;"F";"Red Junglefowl";"G. g. gallus"
2019;"";7740;0;2069;"F";"Red Junglefowl";"G. g. gallus"
2019;"";7740;0;2070;"F";"Red Junglefowl";"G. g. gallus"
2019;"";7740;0;2071;"F";"Red Junglefowl";"G. g. gallus"
2019;"";7740;0;2072;"M";"Red Junglefowl";"G. g. gallus"
2019;"";7758;7862;2073;"M";"Red Junglefowl";"G. g. gallus"
2019;"";7758;7862;2074;"M";"Red Junglefowl";"G. g. gallus"
2019;"";7758;7862;2075;"F";"Red Junglefowl";"G. g. gallus"
2019;"";7758;7862;2076;"F";"Red Junglefowl";"G. g. gallus"
2019;"";7758;7862;2077;"M";"Red Junglefowl";"G. g. gallus"
2019;"";7758;7862;2078;"M";"Red Junglefowl";"G. g. gallus"
2019;"";0;7739;2079;"M";"Red Junglefowl";"G. g. gallus"
2019;"";0;7739;2081;"M";"Red Junglefowl";"G. g. gallus"
2019;"";7735;7904;2082;"F";"Red Junglefowl";"G. g. gallus"
2019;"";7735;7904;2083;"M";"Red Junglefowl";"G. g. gallus"
2019;"";7735;7904;2085;"M";"Red Junglefowl";"G. g. gallus"
2019;"";7735;7904;2086;"M";"Red Junglefowl";"G. g. gallus"
2019;"";7735;7904;2087;"F";"Red Junglefowl";"G. g. gallus"
2019;"";7893;7793;2088;"M";"Red Junglefowl";"G. g. gallus"
2019;"";7893;7793;2089;"F";"Red Junglefowl";"G. g. gallus"
2019;"";7893;7793;2090;"F";"Red Junglefowl";"G. g. gallus"
2019;"";7893;7793;2091;"M";"Red Junglefowl";"G. g. gallus"
2019;"";7893;7793;2092;"F";"Red Junglefowl";"G. g. gallus"
2019;"";0;0;2093;"F";"Red Junglefowl";"G. g. gallus"
2019;"";0;0;2094;"F";"Red Junglefowl";"G. g. gallus"
2019;"";0;0;2095;"F";"Red Junglefowl";"G. g. gallus"
2019;"";0;0;2096;"M";"Red Junglefowl";"G. g. gallus"
2019;"";0;0;2097;"M";"Red Junglefowl";"G. g. gallus"
2019;"";7907;7709;2098;"M";"Red Junglefowl";"G. g. gallus"
2019;"";7874;0;2099;"";"Red Junglefowl";"G. g. gallus"
2012;"";34472;34460;2401;"F";"Red Junglefowl";"G. g. gallus"
2012;"";34472;34460;2402;"";"Red Junglefowl";"G. g. gallus"
2012;"";34472;34460;2403;"M";"Red Junglefowl";"G. g. gallus"
2012;"";34472;34460;2404;"F";"Red Junglefowl";"G. g. gallus"
2012;"";34472;34460;2405;"M";"Red Junglefowl";"G. g. gallus"
2012;"";34472;34460;2406;"M";"Red Junglefowl";"G. g. gallus"
2012;"";34472;34460;2407;"F";"Red Junglefowl";"G. g. gallus"
2012;"";34488;34471;2409;"M";"Red Junglefowl";"G. g. gallus"
2012;"";34488;34471;2410;"M";"Red Junglefowl";"G. g. gallus"
2012;"";34488;34471;2411;"";"Red Junglefowl";"G. g. gallus"
2012;"";34488;34471;2412;"F";"Red Junglefowl";"G. g. gallus"
2012;"";34488;34471;2413;"M";"Red Junglefowl";"G. g. gallus"
2012;"";34488;34471;2414;"";"Red Junglefowl";"G. g. gallus"
2012;"";34488;34471;2415;"";"Red Junglefowl";"G. g. gallus"
2012;"";34495;34451;2416;"";"Red Junglefowl";"G. g. gallus"
2012;"";34495;34451;2417;"";"Red Junglefowl";"G. g. gallus"
2012;"";34495;34451;2418;"";"Red Junglefowl";"G. g. gallus"
2012;"";34495;34451;2419;"";"Red Junglefowl";"G. g. gallus"
2012;"";34495;34451;2420;"";"Red Junglefowl";"G. g. gallus"
2012;"";34469;34491;2421;"";"Red Junglefowl";"G. g. gallus"
2012;"";34469;34491;2422;"M";"Red Junglefowl";"G. g. gallus"
2012;"";34469;34491;2423;"";"Red Junglefowl";"G. g. gallus"
2012;"";34469;34491;2424;"";"Red Junglefowl";"G. g. gallus"
2012;"";34469;34491;2425;"F";"Red Junglefowl";"G. g. gallus"
2012;"";34469;34491;2426;"F";"Red Junglefowl";"G. g. gallus"
2012;"";34453;34466;2427;"";"Red Junglefowl";"G. g. gallus"
2012;"";34473;34480;2428;"";"Red Junglefowl";"G. g. gallus"
2012;"";34473;34480;2429;"";"Red Junglefowl";"G. g. gallus"
2012;"";34473;34480;2430;"";"Red Junglefowl";"G. g. gallus"
2012;"";34473;34480;2431;"";"Red Junglefowl";"G. g. gallus"
2012;"";34473;34480;2432;"";"Red Junglefowl";"G. g. gallus"
2012;"";34473;34480;2433;"";"Red Junglefowl";"G. g. gallus"
2012;"";34473;34480;2434;"";"Red Junglefowl";"G. g. gallus"
2012;"";34473;34480;2435;"";"Red Junglefowl";"G. g. gallus"
2012;"";34490;34683;2436;"";"Red Junglefowl";"G. g. gallus"
2012;"";34490;34683;2437;"";"Red Junglefowl";"G. g. gallus"
2012;"";34490;34683;2438;"";"Red Junglefowl";"G. g. gallus"
2012;"";34490;34683;2439;"";"Red Junglefowl";"G. g. gallus"
2012;"";34490;34683;2440;"M";"Red Junglefowl";"G. g. gallus"
2012;"";34462;34500;2441;"";"Red Junglefowl";"G. g. gallus"
2012;"";34462;34500;2442;"";"Red Junglefowl";"G. g. gallus"
2012;"";34462;34500;2443;"";"Red Junglefowl";"G. g. gallus"
2012;"";34462;34500;2444;"";"Red Junglefowl";"G. g. gallus"
2012;"";34462;34500;2445;"";"Red Junglefowl";"G. g. gallus"
2012;"";34691;34485;2446;"M";"Red Junglefowl";"G. g. gallus"
2012;"";34691;34485;2447;"";"Red Junglefowl";"G. g. gallus"
2012;"";34484;34467;2448;"";"Red Junglefowl";"G. g. gallus"
2012;"";34484;34467;2449;"";"Red Junglefowl";"G. g. gallus"
2012;"";34484;34467;2450;"";"Red Junglefowl";"G. g. gallus"
2012;"";34484;34467;2451;"";"Red Junglefowl";"G. g. gallus"
2012;"";34484;34467;2452;"";"Red Junglefowl";"G. g. gallus"
2012;"";34465;34492;2453;"F";"Red Junglefowl";"G. g. gallus"
2012;"";34465;34492;2454;"F";"Red Junglefowl";"G. g. gallus"
2012;"";34465;34492;2455;"M";"Red Junglefowl";"G. g. gallus"
2012;"";34465;34492;2456;"M";"Red Junglefowl";"G. g. gallus"
2012;"";34691;34485;2457;"F";"Red Junglefowl";"G. g. gallus"
2012;"";34484;34467;2458;"";"Red Junglefowl";"G. g. gallus"
2012;"";34484;34467;2459;"";"Red Junglefowl";"G. g. gallus"
2012;"";34462;34500;2460;"";"Red Junglefowl";"G. g. gallus"
2012;"";0;34468;2461;"F";"Red Junglefowl";"G. g. gallus"
2012;"";0;34468;2462;"";"Red Junglefowl";"G. g. gallus"
2012;"";0;34468;2463;"";"Red Junglefowl";"G. g. gallus"
2012;"";0;34468;2464;"";"Red Junglefowl";"G. g. gallus"
2012;"";34453;34466;2465;"";"Red Junglefowl";"G. g. gallus"
2012;"";34453;34466;2466;"";"Red Junglefowl";"G. g. gallus"
2012;"";34473;34480;2467;"";"Red Junglefowl";"G. g. gallus"
2012;"";34490;34683;2468;"M";"Red Junglefowl";"G. g. gallus"
2012;"";34490;34683;2469;"F";"Red Junglefowl";"G. g. gallus"
2012;"";34495;34451;2471;"F";"Red Junglefowl";"G. g. gallus"
2012;"";34472;34460;2472;"F";"Red Junglefowl";"G. g. gallus"
2012;"";34472;34460;2473;"M";"Red Junglefowl";"G. g. gallus"
2012;"";34490;34683;2474;"";"Red Junglefowl";"G. g. gallus"
2012;"";34469;34491;3125;"";"Red Junglefowl";"G. g. gallus"
2012;"";34495;34460;3126;"";"Red Junglefowl";"G. g. gallus"
2012;"";34495;34460;3127;"";"Red Junglefowl";"G. g. gallus"
2012;"";34495;34460;3128;"";"Red Junglefowl";"G. g. gallus"
2012;"";34495;34460;3129;"";"Red Junglefowl";"G. g. gallus"
2012;"";34691;34485;3130;"";"Red Junglefowl";"G. g. gallus"
2012;"";34691;34485;3131;"";"Red Junglefowl";"G. g. gallus"
2012;"";34691;34485;3132;"";"Red Junglefowl";"G. g. gallus"
2012;"";34691;34485;3133;"";"Red Junglefowl";"G. g. gallus"
2012;"";34691;34485;3134;"";"Red Junglefowl";"G. g. gallus"
2012;"";34465;34492;3135;"";"Red Junglefowl";"G. g. gallus"
2012;"";34465;34492;3136;"";"Red Junglefowl";"G. g. gallus"
2012;"";34465;34492;3137;"";"Red Junglefowl";"G. g. gallus"
2012;"";34465;34492;3138;"";"Red Junglefowl";"G. g. gallus"
2012;"";34462;34467;3139;"M";"Red Junglefowl";"G. g. gallus"
2012;"";34462;34467;3140;"";"Red Junglefowl";"G. g. gallus"
2012;"";34462;34467;3141;"";"Red Junglefowl";"G. g. gallus"
2012;"";34462;34467;3142;"";"Red Junglefowl";"G. g. gallus"
2012;"";34462;34467;3143;"M";"Red Junglefowl";"G. g. gallus"
2012;"";34462;34467;3144;"F";"Red Junglefowl";"G. g. gallus"
2012;"";34497;34500;3145;"F";"Red Junglefowl";"G. g. gallus"
2012;"";34497;34500;3146;"";"Red Junglefowl";"G. g. gallus"
2012;"";34497;34500;3147;"";"Red Junglefowl";"G. g. gallus"
2012;"";34453;34471;3148;"F";"Red Junglefowl";"G. g. gallus"
2012;"";34453;34471;3150;"";"Red Junglefowl";"G. g. gallus"
2012;"";34487;34480;3151;"";"Red Junglefowl";"G. g. gallus"
2012;"";34487;34480;3152;"F";"Red Junglefowl";"G. g. gallus"
2012;"";34487;34480;3153;"M";"Red Junglefowl";"G. g. gallus"
2012;"";34487;34480;3154;"M";"Red Junglefowl";"G. g. gallus"
2012;"";34459;34477;3155;"";"Red Junglefowl";"G. g. gallus"
2012;"";34459;34477;3156;"";"Red Junglefowl";"G. g. gallus"
2012;"";34459;34477;3157;"";"Red Junglefowl";"G. g. gallus"
2012;"";34459;34477;3158;"";"Red Junglefowl";"G. g. gallus"
2012;"";34473;34474;3159;"";"Red Junglefowl";"G. g. gallus"
2012;"";34473;34474;3160;"";"Red Junglefowl";"G. g. gallus"
2012;"";34473;34474;3161;"";"Red Junglefowl";"G. g. gallus"
2012;"";34473;34474;3162;"";"Red Junglefowl";"G. g. gallus"
2012;"";34473;34474;3163;"";"Red Junglefowl";"G. g. gallus"
2012;"";34486;34458;3164;"";"Red Junglefowl";"G. g. gallus"
2012;"";34486;34458;3165;"";"Red Junglefowl";"G. g. gallus"
2012;"";34486;34458;3166;"";"Red Junglefowl";"G. g. gallus"
2012;"";34486;34458;3168;"";"Red Junglefowl";"G. g. gallus"
2012;"";34484;34466;3169;"F";"Red Junglefowl";"G. g. gallus"
2012;"";34484;34466;3170;"M";"Red Junglefowl";"G. g. gallus"
2012;"";34484;34466;3171;"";"Red Junglefowl";"G. g. gallus"
2012;"";0;34468;3172;"";"Red Junglefowl";"G. g. gallus"
2012;"";34465;34492;3173;"";"Red Junglefowl";"G. g. gallus"
2012;"";34453;34471;3174;"";"Red Junglefowl";"G. g. gallus"
2012;"";34486;34458;3175;"";"Red Junglefowl";"G. g. gallus"
2020;"";2054;1101;5701;"";"Red Junglefowl";"G. g. gallus"
2020;"";2054;1101;5702;"";"Red Junglefowl";"G. g. gallus"
2020;"";2054;1101;5704;"";"Red Junglefowl";"G. g. gallus"
2020;"";2054;1101;5705;"";"Red Junglefowl";"G. g. gallus"
2020;"";0;0;5706;"";"Red Junglefowl";"G. g. gallus"
2020;"";0;0;5707;"";"Red Junglefowl";"G. g. gallus"
2020;"";2045;2017;5710;"";"Red Junglefowl";"G. g. gallus"
2020;"";2045;2017;5711;"";"Red Junglefowl";"G. g. gallus"
2020;"";2045;2017;5712;"";"Red Junglefowl";"G. g. gallus"
2020;"";2045;2017;5713;"";"Red Junglefowl";"G. g. gallus"
2020;"";2048;2083;5716;"";"Red Junglefowl";"G. g. gallus"
2020;"";2048;2083;5717;"";"Red Junglefowl";"G. g. gallus"
2020;"";2090;2086;5718;"";"Red Junglefowl";"G. g. gallus"
2020;"";2090;2086;5719;"";"Red Junglefowl";"G. g. gallus"
2020;"";2090;2086;5720;"";"Red Junglefowl";"G. g. gallus"
2020;"";2089;2006;5723;"";"Red Junglefowl";"G. g. gallus"
2020;"";2027;2046;5724;"";"Red Junglefowl";"G. g. gallus"
2020;"";2027;2046;5725;"";"Red Junglefowl";"G. g. gallus"
2020;"";2027;2046;5726;"";"Red Junglefowl";"G. g. gallus"
2020;"";2070;2035;5728;"";"Red Junglefowl";"G. g. gallus"
2020;"";2057;2009;5730;"";"Red Junglefowl";"G. g. gallus"
2020;"";2030;2016;5733;"";"Red Junglefowl";"G. g. gallus"
2020;"";2030;2016;5734;"";"Red Junglefowl";"G. g. gallus"
2020;"";2005;2088;5738;"";"Red Junglefowl";"G. g. gallus"
2020;"";2005;2088;5739;"";"Red Junglefowl";"G. g. gallus"
2020;"";2005;2088;5742;"";"Red Junglefowl";"G. g. gallus"
2020;"";2005;2088;5743;"";"Red Junglefowl";"G. g. gallus"
2020;"";2012;2073;5744;"";"Red Junglefowl";"G. g. gallus"
2020;"";2012;2073;5746;"";"Red Junglefowl";"G. g. gallus"
2020;"";2012;2073;5748;"";"Red Junglefowl";"G. g. gallus"
2020;"";2007;2026;5749;"";"Red Junglefowl";"G. g. gallus"
2020;"";2007;2026;5755;"";"Red Junglefowl";"G. g. gallus"
2020;"";2056;2053;5758;"";"Red Junglefowl";"G. g. gallus"
2020;"";2044;2061;5763;"";"Red Junglefowl";"G. g. gallus"
2020;"";2094;2019;5769;"";"Red Junglefowl";"G. g. gallus"
2020;"";2094;2019;5770;"";"Red Junglefowl";"G. g. gallus"
2020;"";2020;2001;5772;"";"Red Junglefowl";"G. g. gallus"
2020;"";2075;2091;5773;"";"Red Junglefowl";"G. g. gallus"
2020;"";2020;2001;5774;"";"Red Junglefowl";"G. g. gallus"
2020;"";2022;2098;5776;"";"Red Junglefowl";"G. g. gallus"
2020;"";2022;2098;5777;"";"Red Junglefowl";"G. g. gallus"
2020;"";2022;2098;5778;"";"Red Junglefowl";"G. g. gallus"
2020;"";2023;2004;5779;"";"Red Junglefowl";"G. g. gallus"
2020;"";2003;2059;5780;"";"Red Junglefowl";"G. g. gallus"
2020;"";2023;2004;5781;"";"Red Junglefowl";"G. g. gallus"
2020;"";2023;2004;5782;"";"Red Junglefowl";"G. g. gallus"
2020;"";2003;2059;5783;"";"Red Junglefowl";"G. g. gallus"
2020;"";2003;2059;5784;"";"Red Junglefowl";"G. g. gallus"
2020;"";2003;2059;5785;"";"Red Junglefowl";"G. g. gallus"
2020;"";2003;2059;5786;"";"Red Junglefowl";"G. g. gallus"
2020;"";2002;2008;5787;"";"Red Junglefowl";"G. g. gallus"
2020;"";1104;2064;5788;"";"Red Junglefowl";"G. g. gallus"
2020;"";2070;2035;5790;"";"Red Junglefowl";"G. g. gallus"
2020;"";2003;2059;5791;"";"Red Junglefowl";"G. g. gallus"
2020;"";2034;2024;5794;"";"Red Junglefowl";"G. g. gallus"
2020;"";0;0;5795;"";"Red Junglefowl";"G. g. gallus"
2020;"";2023;2004;5796;"";"Red Junglefowl";"G. g. gallus"
2020;"";2087;2072;5798;"";"Red Junglefowl";"G. g. gallus"
2020;"";2094;2019;5799;"";"Red Junglefowl";"G. g. gallus"
2020;"";2023;2004;5800;"";"Red Junglefowl";"G. g. gallus"
2017;"";60548;60989;7701;"";"Red Junglefowl";"G. g. gallus"
2017;"";60548;60989;7702;"F";"Red Junglefowl";"G. g. gallus"
2017;"";60548;60989;7704;"";"Red Junglefowl";"G. g. gallus"
2017;"";60548;60989;7705;"";"Red Junglefowl";"G. g. gallus"
2017;"";60558;60387;7707;"";"Red Junglefowl";"G. g. gallus"
2017;"";60536;60573;7708;"M";"Red Junglefowl";"G. g. gallus"
2017;"";60536;60573;7709;"M";"Red Junglefowl";"G. g. gallus"
2017;"";60536;60573;7710;"";"Red Junglefowl";"G. g. gallus"
2017;"";60536;60573;7711;"";"Red Junglefowl";"G. g. gallus"
2017;"";60536;60573;7712;"";"Red Junglefowl";"G. g. gallus"
2017;"";60536;60573;7713;"M";"Red Junglefowl";"G. g. gallus"
2017;"";63479;60588;7714;"";"Red Junglefowl";"G. g. gallus"
2017;"";63479;60588;7715;"";"Red Junglefowl";"G. g. gallus"
2017;"";63479;60588;7716;"";"Red Junglefowl";"G. g. gallus"
2017;"";63479;60588;7717;"";"Red Junglefowl";"G. g. gallus"
2017;"";63479;60588;7718;"";"Red Junglefowl";"G. g. gallus"
2017;"";63479;60588;7719;"";"Red Junglefowl";"G. g. gallus"
2017;"";60562;60580;7720;"";"Red Junglefowl";"G. g. gallus"
2017;"";60562;60580;7721;"";"Red Junglefowl";"G. g. gallus"
2017;"";60562;60580;7722;"";"Red Junglefowl";"G. g. gallus"
2017;"";60562;60580;7723;"";"Red Junglefowl";"G. g. gallus"
2017;"";60562;60580;7724;"";"Red Junglefowl";"G. g. gallus"
2017;"";60558;60387;7725;"";"Red Junglefowl";"G. g. gallus"
2017;"";60562;60580;7727;"";"Red Junglefowl";"G. g. gallus"
2017;"";60562;60580;7728;"";"Red Junglefowl";"G. g. gallus"
2017;"";0;0;7729;"";"Red Junglefowl";"G. g. gallus"
2017;"";0;0;7730;"";"Red Junglefowl";"G. g. gallus"
2017;"";0;0;7731;"";"Red Junglefowl";"G. g. gallus"
2017;"";60378;60564;7732;"";"Red Junglefowl";"G. g. gallus"
2017;"";60378;60564;7733;"";"Red Junglefowl";"G. g. gallus"
2017;"";60378;60564;7735;"F";"Red Junglefowl";"G. g. gallus"
2017;"";60378;60564;7736;"";"Red Junglefowl";"G. g. gallus"
2017;"";60378;60564;7737;"";"Red Junglefowl";"G. g. gallus"
2017;"";60990;60397;7738;"M";"Red Junglefowl";"G. g. gallus"
2017;"";60990;60397;7739;"M";"Red Junglefowl";"G. g. gallus"
2017;"";60990;60397;7740;"F";"Red Junglefowl";"G. g. gallus"
2017;"";60990;60397;7741;"";"Red Junglefowl";"G. g. gallus"
2017;"";60990;60397;7742;"";"Red Junglefowl";"G. g. gallus"
2017;"";60990;60397;7744;"";"Red Junglefowl";"G. g. gallus"
2017;"";60990;60397;7745;"";"Red Junglefowl";"G. g. gallus"
2017;"";60990;60397;7746;"";"Red Junglefowl";"G. g. gallus"
2017;"";60389;60556;7747;"";"Red Junglefowl";"G. g. gallus"
2017;"";60389;60556;7748;"F";"Red Junglefowl";"G. g. gallus"
2017;"";60389;60556;7749;"F";"Red Junglefowl";"G. g. gallus"
2017;"";60574;60571;7750;"M";"Red Junglefowl";"G. g. gallus"
2017;"";60574;60571;7752;"";"Red Junglefowl";"G. g. gallus"
2017;"";60574;60571;7753;"M";"Red Junglefowl";"G. g. gallus"
2017;"";60574;60571;7754;"F";"Red Junglefowl";"G. g. gallus"
2017;"";60574;60571;7755;"";"Red Junglefowl";"G. g. gallus"
2017;"";60988;60383;7756;"";"Red Junglefowl";"G. g. gallus"
2017;"";60988;60383;7757;"";"Red Junglefowl";"G. g. gallus"
2017;"";60988;60383;7758;"F";"Red Junglefowl";"G. g. gallus"
2017;"";60988;60383;7759;"";"Red Junglefowl";"G. g. gallus"
2017;"";60988;60383;7760;"";"Red Junglefowl";"G. g. gallus"
2017;"";60988;60383;7761;"";"Red Junglefowl";"G. g. gallus"
2017;"";60988;60383;7762;"";"Red Junglefowl";"G. g. gallus"
2017;"";60988;60383;7763;"";"Red Junglefowl";"G. g. gallus"
2017;"";60395;60563;7764;"";"Red Junglefowl";"G. g. gallus"
2017;"";60395;60563;7765;"";"Red Junglefowl";"G. g. gallus"
2017;"";60395;60563;7766;"";"Red Junglefowl";"G. g. gallus"
2017;"";60395;60563;7768;"";"Red Junglefowl";"G. g. gallus"
2017;"";60395;60563;7769;"";"Red Junglefowl";"G. g. gallus"
2017;"";60395;60563;7770;"F";"Red Junglefowl";"G. g. gallus"
2017;"";60395;60563;7772;"";"Red Junglefowl";"G. g. gallus"
2017;"";60395;60563;7773;"";"Red Junglefowl";"G. g. gallus"
2017;"";60966;60592;7774;"";"Red Junglefowl";"G. g. gallus"
2017;"";60966;60592;7775;"";"Red Junglefowl";"G. g. gallus"
2017;"";60966;60592;7777;"";"Red Junglefowl";"G. g. gallus"
2017;"";60966;60592;7778;"";"Red Junglefowl";"G. g. gallus"
2017;"";60966;60592;7779;"";"Red Junglefowl";"G. g. gallus"
2017;"";60966;60592;7780;"";"Red Junglefowl";"G. g. gallus"
2017;"";60997;60986;7781;"";"Red Junglefowl";"G. g. gallus"
2017;"";60997;60986;7784;"";"Red Junglefowl";"G. g. gallus"
2017;"";60591;60391;7785;"";"Red Junglefowl";"G. g. gallus"
2017;"";60790;60398;7786;"M";"Red Junglefowl";"G. g. gallus"
2017;"";60790;60398;7787;"";"Red Junglefowl";"G. g. gallus"
2017;"";60790;60398;7788;"";"Red Junglefowl";"G. g. gallus"
2017;"";60972;60543;7789;"F";"Red Junglefowl";"G. g. gallus"
2017;"";60972;60543;7790;"";"Red Junglefowl";"G. g. gallus"
2017;"";60972;60543;7791;"";"Red Junglefowl";"G. g. gallus"
2017;"";60972;60543;7792;"";"Red Junglefowl";"G. g. gallus"
2017;"";60972;60543;7793;"M";"Red Junglefowl";"G. g. gallus"
2017;"";60972;60543;7794;"";"Red Junglefowl";"G. g. gallus"
2017;"";60972;60543;7795;"";"Red Junglefowl";"G. g. gallus"
2017;"";60964;60584;7796;"";"Red Junglefowl";"G. g. gallus"
2017;"";60964;60584;7797;"";"Red Junglefowl";"G. g. gallus"
2017;"";60964;60584;7798;"";"Red Junglefowl";"G. g. gallus"
2017;"";60964;60584;7799;"";"Red Junglefowl";"G. g. gallus"
2017;"";60964;60584;7800;"";"Red Junglefowl";"G. g. gallus"
2017;"";60597;60968;7801;"";"Red Junglefowl";"G. g. gallus"
2017;"";60597;60968;7802;"";"Red Junglefowl";"G. g. gallus"
2017;"";60597;60968;7803;"";"Red Junglefowl";"G. g. gallus"
2017;"";60597;60968;7804;"";"Red Junglefowl";"G. g. gallus"
2017;"";60597;60968;7805;"";"Red Junglefowl";"G. g. gallus"
2017;"";60597;60968;7806;"";"Red Junglefowl";"G. g. gallus"
2017;"";60597;60968;7807;"";"Red Junglefowl";"G. g. gallus"
2017;"";60597;60968;7808;"";"Red Junglefowl";"G. g. gallus"
2017;"";60597;60968;7809;"M";"Red Junglefowl";"G. g. gallus"
2017;"";60970;60538;7810;"";"Red Junglefowl";"G. g. gallus"
2017;"";60970;60538;7811;"";"Red Junglefowl";"G. g. gallus"
2017;"";60970;60538;7812;"";"Red Junglefowl";"G. g. gallus"
2017;"";60379;60963;7813;"";"Red Junglefowl";"G. g. gallus"
2017;"";60379;60963;7814;"";"Red Junglefowl";"G. g. gallus"
2017;"";60535;60984;7815;"";"Red Junglefowl";"G. g. gallus"
2017;"";60535;60984;7816;"";"Red Junglefowl";"G. g. gallus"
2017;"";60535;60984;7818;"";"Red Junglefowl";"G. g. gallus"
2017;"";60535;60984;7819;"";"Red Junglefowl";"G. g. gallus"
2017;"";60535;60984;7820;"";"Red Junglefowl";"G. g. gallus"
2017;"";60535;60984;7821;"";"Red Junglefowl";"G. g. gallus"
2017;"";60535;60984;7822;"";"Red Junglefowl";"G. g. gallus"
2017;"";60548;60989;7823;"";"Red Junglefowl";"G. g. gallus"
2017;"";60548;60989;7824;"";"Red Junglefowl";"G. g. gallus"
2017;"";60535;60984;7825;"";"Red Junglefowl";"G. g. gallus"
2017;"";60978;60589;7826;"";"Red Junglefowl";"G. g. gallus"
2017;"";60978;60589;7827;"";"Red Junglefowl";"G. g. gallus"
2017;"";60978;60589;7828;"";"Red Junglefowl";"G. g. gallus"
2017;"";60978;60589;7829;"";"Red Junglefowl";"G. g. gallus"
2017;"";60978;60589;7830;"";"Red Junglefowl";"G. g. gallus"
2017;"";0;0;7831;"";"Red Junglefowl";"G. g. gallus"
2017;"";0;0;7832;"";"Red Junglefowl";"G. g. gallus"
2017;"";0;0;7833;"";"Red Junglefowl";"G. g. gallus"
2017;"";60388;60547;7834;"";"Red Junglefowl";"G. g. gallus"
2017;"";60388;60547;7835;"";"Red Junglefowl";"G. g. gallus"
2017;"";60535;60984;7836;"";"Red Junglefowl";"G. g. gallus"
2017;"";60535;60984;7837;"";"Red Junglefowl";"G. g. gallus"
2017;"";60585;60595;7838;"";"Red Junglefowl";"G. g. gallus"
2017;"";60585;60595;7839;"";"Red Junglefowl";"G. g. gallus"
2017;"";60388;60547;7840;"";"Red Junglefowl";"G. g. gallus"
2017;"";60388;60547;7841;"";"Red Junglefowl";"G. g. gallus"
2017;"";60388;60547;7842;"";"Red Junglefowl";"G. g. gallus"
2017;"";60388;60547;7843;"";"Red Junglefowl";"G. g. gallus"
2017;"";60967;60551;7844;"";"Red Junglefowl";"G. g. gallus"
2017;"";60967;60551;7845;"";"Red Junglefowl";"G. g. gallus"
2017;"";60967;60551;7846;"";"Red Junglefowl";"G. g. gallus"
2017;"";60967;60551;7847;"";"Red Junglefowl";"G. g. gallus"
2017;"";60967;60551;7848;"";"Red Junglefowl";"G. g. gallus"
2017;"";60967;60551;7849;"";"Red Junglefowl";"G. g. gallus"
2017;"";60585;60595;7850;"";"Red Junglefowl";"G. g. gallus"
2017;"";60967;60551;7851;"";"Red Junglefowl";"G. g. gallus"
2017;"";60599;60980;7852;"";"Red Junglefowl";"G. g. gallus"
2017;"";60599;60980;7853;"";"Red Junglefowl";"G. g. gallus"
2017;"";60599;60980;7854;"";"Red Junglefowl";"G. g. gallus"
2017;"";60599;60980;7855;"";"Red Junglefowl";"G. g. gallus"
2017;"";60599;60980;7856;"";"Red Junglefowl";"G. g. gallus"
2017;"";60599;60980;7857;"";"Red Junglefowl";"G. g. gallus"
2017;"";60599;60980;7858;"";"Red Junglefowl";"G. g. gallus"
2017;"";60599;60980;7859;"";"Red Junglefowl";"G. g. gallus"
2017;"";60579;60568;7860;"";"Red Junglefowl";"G. g. gallus"
2017;"";60579;60568;7861;"";"Red Junglefowl";"G. g. gallus"
2017;"";60579;60568;7862;"M";"Red Junglefowl";"G. g. gallus"
2017;"";69567;60586;7863;"";"Red Junglefowl";"G. g. gallus"
2017;"";69567;60586;7864;"";"Red Junglefowl";"G. g. gallus"
2017;"";69567;60586;7865;"";"Red Junglefowl";"G. g. gallus"
2017;"";60791;3190;7866;"";"Red Junglefowl";"G. g. gallus"
2017;"";60791;3190;7867;"";"Red Junglefowl";"G. g. gallus"
2017;"";60791;3190;7868;"";"Red Junglefowl";"G. g. gallus"
2017;"";60791;3190;7869;"";"Red Junglefowl";"G. g. gallus"
2017;"";60791;3190;7870;"";"Red Junglefowl";"G. g. gallus"
2017;"";60987;60377;7871;"";"Red Junglefowl";"G. g. gallus"
2017;"";60987;60377;7872;"F";"Red Junglefowl";"G. g. gallus"
2017;"";60987;60377;7873;"";"Red Junglefowl";"G. g. gallus"
2017;"";60987;60377;7874;"F";"Red Junglefowl";"G. g. gallus"
2017;"";60987;60377;7875;"";"Red Junglefowl";"G. g. gallus"
2017;"";60987;60377;7876;"";"Red Junglefowl";"G. g. gallus"
2017;"";60582;60593;7877;"";"Red Junglefowl";"G. g. gallus"
2017;"";60582;60593;7878;"";"Red Junglefowl";"G. g. gallus"
2017;"";60582;60593;7879;"";"Red Junglefowl";"G. g. gallus"
2017;"";60582;60593;7880;"";"Red Junglefowl";"G. g. gallus"
2017;"";60582;60593;7881;"";"Red Junglefowl";"G. g. gallus"
2017;"";60582;60593;7882;"";"Red Junglefowl";"G. g. gallus"
2017;"";60381;0;7883;"";"Red Junglefowl";"G. g. gallus"
2017;"";60381;0;7884;"";"Red Junglefowl";"G. g. gallus"
2017;"";60381;0;7885;"";"Red Junglefowl";"G. g. gallus"
2017;"";60381;0;7886;"";"Red Junglefowl";"G. g. gallus"
2017;"";60381;0;7887;"";"Red Junglefowl";"G. g. gallus"
2017;"";60381;0;7888;"";"Red Junglefowl";"G. g. gallus"
2017;"";60585;60595;7889;"";"Red Junglefowl";"G. g. gallus"
2017;"";60585;60595;7890;"";"Red Junglefowl";"G. g. gallus"
2017;"";60585;60595;7891;"";"Red Junglefowl";"G. g. gallus"
2017;"";60585;60595;7892;"";"Red Junglefowl";"G. g. gallus"
2017;"";60585;60595;7893;"F";"Red Junglefowl";"G. g. gallus"
2017;"";60585;60595;7894;"";"Red Junglefowl";"G. g. gallus"
2017;"";60585;60595;7895;"";"Red Junglefowl";"G. g. gallus"
2017;"";60585;60595;7896;"F";"Red Junglefowl";"G. g. gallus"
2017;"";60585;60595;7898;"";"Red Junglefowl";"G. g. gallus"
2017;"";0;0;7899;"";"Red Junglefowl";"G. g. gallus"
2017;"";60558;60387;7902;"";"Red Junglefowl";"G. g. gallus"
2017;"";60558;60387;7903;"";"Red Junglefowl";"G. g. gallus"
2017;"";60558;60387;7904;"M";"Red Junglefowl";"G. g. gallus"
2017;"";60558;60387;7905;"M";"Red Junglefowl";"G. g. gallus"
2017;"";60379;60963;7906;"";"Red Junglefowl";"G. g. gallus"
2017;"";60978;60589;7907;"F";"Red Junglefowl";"G. g. gallus"
2014;"";22869;22828;11801;"";"Red Junglefowl";"G. g. gallus"
2014;"";22705;22709;11802;"";"Red Junglefowl";"G. g. gallus"
2014;"";22705;22709;11803;"M";"Red Junglefowl";"G. g. gallus"
2014;"";22705;22709;11805;"M";"Red Junglefowl";"G. g. gallus"
2014;"";22705;22709;11806;"M";"Red Junglefowl";"G. g. gallus"
2014;"";22834;22736;11807;"";"Red Junglefowl";"G. g. gallus"
2014;"";22834;22736;11808;"F";"Red Junglefowl";"G. g. gallus"
2014;"";22723;22719;11810;"";"Red Junglefowl";"G. g. gallus"
2014;"";22723;22719;11811;"M";"Red Junglefowl";"G. g. gallus"
2014;"";22723;22719;11812;"";"Red Junglefowl";"G. g. gallus"
2014;"";22823;22701;11813;"";"Red Junglefowl";"G. g. gallus"
2014;"";22728;2835;11814;"";"Red Junglefowl";"G. g. gallus"
2014;"";22728;2835;11815;"M";"Red Junglefowl";"G. g. gallus"
2014;"";22721;22849;11816;"";"Red Junglefowl";"G. g. gallus"
2014;"";22721;22849;11817;"";"Red Junglefowl";"G. g. gallus"
2014;"";22721;22849;11818;"";"Red Junglefowl";"G. g. gallus"
2014;"";22721;22849;11819;"";"Red Junglefowl";"G. g. gallus"
2014;"";22874;22853;11820;"";"Red Junglefowl";"G. g. gallus"
2014;"";22874;22853;11821;"";"Red Junglefowl";"G. g. gallus"
2014;"";22729;22806;11822;"";"Red Junglefowl";"G. g. gallus"
2014;"";22729;22806;11823;"F";"Red Junglefowl";"G. g. gallus"
2014;"";22812;22827;11824;"F";"Red Junglefowl";"G. g. gallus"
2014;"";22812;22827;11825;"";"Red Junglefowl";"G. g. gallus"
2014;"";22812;22827;11826;"M";"Red Junglefowl";"G. g. gallus"
2014;"";22812;22827;11827;"F";"Red Junglefowl";"G. g. gallus"
2014;"";22722;22830;11828;"";"Red Junglefowl";"G. g. gallus"
2014;"";22722;22830;11829;"F";"Red Junglefowl";"G. g. gallus"
2014;"";22852;22730;11830;"";"Red Junglefowl";"G. g. gallus"
2014;"";22852;22730;11831;"F";"Red Junglefowl";"G. g. gallus"
2014;"";22803;22857;11832;"M";"Red Junglefowl";"G. g. gallus"
2014;"";22803;22857;11833;"F";"Red Junglefowl";"G. g. gallus"
2014;"";22803;22857;11834;"";"Red Junglefowl";"G. g. gallus"
2014;"";22803;22857;11835;"F";"Red Junglefowl";"G. g. gallus"
2014;"";22737;22863;11836;"";"Red Junglefowl";"G. g. gallus"
2014;"";22737;22863;11837;"F";"Red Junglefowl";"G. g. gallus"
2014;"";22737;22863;11838;"";"Red Junglefowl";"G. g. gallus"
2014;"";22846;22816;11839;"M";"Red Junglefowl";"G. g. gallus"
2014;"";22846;22816;11840;"";"Red Junglefowl";"G. g. gallus"
2014;"";22846;22816;11841;"";"Red Junglefowl";"G. g. gallus"
2014;"";22846;22816;11842;"";"Red Junglefowl";"G. g. gallus"
2014;"";22846;22816;11843;"F";"Red Junglefowl";"G. g. gallus"
2014;"";22846;22816;11844;"";"Red Junglefowl";"G. g. gallus"
2014;"";22706;22824;11845;"F";"Red Junglefowl";"G. g. gallus"
2014;"";22706;22824;11846;"";"Red Junglefowl";"G. g. gallus"
2014;"";22706;22824;11847;"";"Red Junglefowl";"G. g. gallus"
2014;"";22706;22824;11848;"";"Red Junglefowl";"G. g. gallus"
2014;"";22725;22720;11849;"";"Red Junglefowl";"G. g. gallus"
2014;"";22715;22805;11850;"";"Red Junglefowl";"G. g. gallus"
2014;"";22715;22805;11851;"";"Red Junglefowl";"G. g. gallus"
2014;"";22715;22805;11852;"";"Red Junglefowl";"G. g. gallus"
2014;"";22715;22805;11853;"";"Red Junglefowl";"G. g. gallus"
2014;"";22715;22805;11854;"M";"Red Junglefowl";"G. g. gallus"
2014;"";22732;22807;11855;"";"Red Junglefowl";"G. g. gallus"
2014;"";22732;22807;11856;"M";"Red Junglefowl";"G. g. gallus"
2014;"";22732;22807;11857;"";"Red Junglefowl";"G. g. gallus"
2014;"";22732;22807;11858;"M";"Red Junglefowl";"G. g. gallus"
2014;"";22714;22866;11859;"";"Red Junglefowl";"G. g. gallus"
2014;"";22714;22866;11860;"";"Red Junglefowl";"G. g. gallus"
2014;"";22714;22866;11861;"";"Red Junglefowl";"G. g. gallus"
2014;"";22817;22710;11862;"F";"Red Junglefowl";"G. g. gallus"
2014;"";22817;22710;11863;"M";"Red Junglefowl";"G. g. gallus"
2014;"";22817;22710;11864;"M";"Red Junglefowl";"G. g. gallus"
2014;"";22817;22710;11865;"";"Red Junglefowl";"G. g. gallus"
2014;"";22817;22710;11866;"";"Red Junglefowl";"G. g. gallus"
2014;"";22810;22815;11867;"M";"Red Junglefowl";"G. g. gallus"
2014;"";22810;22815;11868;"";"Red Junglefowl";"G. g. gallus"
2014;"";22840;22704;11869;"F";"Red Junglefowl";"G. g. gallus"
2014;"";22840;22704;11870;"";"Red Junglefowl";"G. g. gallus"
2014;"";22711;22839;11871;"";"Red Junglefowl";"G. g. gallus"
2014;"";22711;22839;11872;"F";"Red Junglefowl";"G. g. gallus"
2014;"";22711;22839;11873;"M";"Red Junglefowl";"G. g. gallus"
2014;"";22711;22839;11874;"";"Red Junglefowl";"G. g. gallus"
2014;"";22711;22839;11875;"";"Red Junglefowl";"G. g. gallus"
2014;"";22870;22708;11876;"F";"Red Junglefowl";"G. g. gallus"
2014;"";22870;22708;11877;"M";"Red Junglefowl";"G. g. gallus"
2014;"";22870;22708;11878;"F";"Red Junglefowl";"G. g. gallus"
2014;"";22718;22727;11879;"F";"Red Junglefowl";"G. g. gallus"
2014;"";22718;22727;11880;"M";"Red Junglefowl";"G. g. gallus"
2014;"";22718;22727;11881;"F";"Red Junglefowl";"G. g. gallus"
2014;"";22718;22727;11882;"F";"Red Junglefowl";"G. g. gallus"
2014;"";22821;22739;11883;"M";"Red Junglefowl";"G. g. gallus"
2014;"";22821;22739;11884;"F";"Red Junglefowl";"G. g. gallus"
2014;"";22821;22739;11885;"F";"Red Junglefowl";"G. g. gallus"
2014;"";22821;22739;11886;"";"Red Junglefowl";"G. g. gallus"
2014;"";22821;22739;11887;"M";"Red Junglefowl";"G. g. gallus"
2014;"";22837;22860;11888;"";"Red Junglefowl";"G. g. gallus"
2014;"";22837;22860;11889;"M";"Red Junglefowl";"G. g. gallus"
2014;"";22837;22860;11890;"F";"Red Junglefowl";"G. g. gallus"
2014;"";22735;22831;11891;"F";"Red Junglefowl";"G. g. gallus"
2014;"";22735;22831;11892;"";"Red Junglefowl";"G. g. gallus"
2014;"";22723;22719;11893;"M";"Red Junglefowl";"G. g. gallus"
2014;"";22705;22709;11894;"";"Red Junglefowl";"G. g. gallus"
2014;"";22874;22853;11895;"";"Red Junglefowl";"G. g. gallus"
2014;"";22874;22853;11896;"";"Red Junglefowl";"G. g. gallus"
2014;"";22810;22815;11897;"";"Red Junglefowl";"G. g. gallus"
2014;"";22870;22708;11898;"";"Red Junglefowl";"G. g. gallus"
2014;"";22870;22708;11899;"";"Red Junglefowl";"G. g. gallus"
2014;"";22870;22708;11900;"";"Red Junglefowl";"G. g. gallus"
2014;"";22718;22727;11901;"";"Red Junglefowl";"G. g. gallus"
2014;"";22718;22727;11902;"";"Red Junglefowl";"G. g. gallus"
2014;"";22718;22727;11903;"";"Red Junglefowl";"G. g. gallus"
2014;"";22821;22739;11904;"";"Red Junglefowl";"G. g. gallus"
2014;"";22735;22831;11905;"";"Red Junglefowl";"G. g. gallus"
2014;"";22735;22831;11906;"M";"Red Junglefowl";"G. g. gallus"
2014;"";22837;22860;11907;"F";"Red Junglefowl";"G. g. gallus"
2014;"";22837;22860;11908;"F";"Red Junglefowl";"G. g. gallus"
2014;"";22803;22857;11909;"F";"Red Junglefowl";"G. g. gallus"
2014;"";22725;22720;11910;"";"Red Junglefowl";"G. g. gallus"
2014;"";22817;22710;11911;"";"Red Junglefowl";"G. g. gallus"
2014;"";22721;22849;11912;"M";"Red Junglefowl";"G. g. gallus"
2014;"";22725;22720;11913;"";"Red Junglefowl";"G. g. gallus"
2014;"";22837;22860;11914;"F";"Red Junglefowl";"G. g. gallus"
2013;"";2472;2409;22701;"M";"Red Junglefowl";"G. g. gallus"
2013;"";2472;2409;22702;"";"Red Junglefowl";"G. g. gallus"
2013;"";2454;3139;22703;"";"Red Junglefowl";"G. g. gallus"
2013;"";2426;2473;22704;"M";"Red Junglefowl";"G. g. gallus"
2013;"";2472;2409;22705;"F";"Red Junglefowl";"G. g. gallus"
2013;"";2425;3170;22706;"F";"Red Junglefowl";"G. g. gallus"
2013;"";3148;2456;22707;"";"Red Junglefowl";"G. g. gallus"
2013;"";2471;3154;22708;"M";"Red Junglefowl";"G. g. gallus"
2013;"";2426;2473;22709;"M";"Red Junglefowl";"G. g. gallus"
2013;"";2425;3170;22710;"M";"Red Junglefowl";"G. g. gallus"
2013;"";2425;3170;22711;"F";"Red Junglefowl";"G. g. gallus"
2013;"";3152;2410;22712;"";"Red Junglefowl";"G. g. gallus"
2013;"";2457;3143;22713;"";"Red Junglefowl";"G. g. gallus"
2013;"";2457;3143;22714;"F";"Red Junglefowl";"G. g. gallus"
2013;"";3148;2456;22715;"F";"Red Junglefowl";"G. g. gallus"
2013;"";2471;3154;22716;"";"Red Junglefowl";"G. g. gallus"
2013;"";3145;2405;22717;"";"Red Junglefowl";"G. g. gallus"
2013;"";2426;2473;22718;"F";"Red Junglefowl";"G. g. gallus"
2013;"";2454;3139;22719;"M";"Red Junglefowl";"G. g. gallus"
2013;"";2457;3143;22720;"M";"Red Junglefowl";"G. g. gallus"
2013;"";2425;3170;22721;"F";"Red Junglefowl";"G. g. gallus"
2013;"";2401;2422;22722;"F";"Red Junglefowl";"G. g. gallus"
2013;"";2401;2422;22723;"F";"Red Junglefowl";"G. g. gallus"
2013;"";2401;2422;22724;"";"Red Junglefowl";"G. g. gallus"
2013;"";2401;2422;22725;"F";"Red Junglefowl";"G. g. gallus"
2013;"";2401;2422;22726;"";"Red Junglefowl";"G. g. gallus"
2013;"";2412;2455;22727;"M";"Red Junglefowl";"G. g. gallus"
2013;"";2401;2422;22728;"F";"Red Junglefowl";"G. g. gallus"
2013;"";2425;3170;22729;"F";"Red Junglefowl";"G. g. gallus"
2013;"";3145;2405;22730;"M";"Red Junglefowl";"G. g. gallus"
2013;"";2454;3139;22731;"";"Red Junglefowl";"G. g. gallus"
2013;"";2454;3139;22732;"F";"Red Junglefowl";"G. g. gallus"
2013;"";2412;2455;22733;"";"Red Junglefowl";"G. g. gallus"
2013;"";2425;3170;22734;"";"Red Junglefowl";"G. g. gallus"
2013;"";2469;3153;22735;"F";"Red Junglefowl";"G. g. gallus"
2013;"";2471;3154;22736;"M";"Red Junglefowl";"G. g. gallus"
2013;"";2454;3139;22737;"F";"Red Junglefowl";"G. g. gallus"
2013;"";2472;2409;22738;"";"Red Junglefowl";"G. g. gallus"
2013;"";2401;2422;22739;"M";"Red Junglefowl";"G. g. gallus"
2013;"";2472;2409;22801;"";"Red Junglefowl";"G. g. gallus"
2013;"";2426;2473;22802;"";"Red Junglefowl";"G. g. gallus"
2013;"";2412;2455;22803;"F";"Red Junglefowl";"G. g. gallus"
2013;"";0;0;22804;"";"Red Junglefowl";"G. g. gallus"
2013;"";2426;2473;22805;"M";"Red Junglefowl";"G. g. gallus"
2013;"";2461;2403;22806;"M";"Red Junglefowl";"G. g. gallus"
2013;"";2426;2473;22807;"M";"Red Junglefowl";"G. g. gallus"
2013;"";2461;2403;22808;"";"Red Junglefowl";"G. g. gallus"
2013;"";2461;2403;22809;"";"Red Junglefowl";"G. g. gallus"
2013;"";2461;2403;22810;"F";"Red Junglefowl";"G. g. gallus"
2013;"";2461;2403;22812;"F";"Red Junglefowl";"G. g. gallus"
2013;"";3152;2410;22813;"";"Red Junglefowl";"G. g. gallus"
2013;"";2472;2409;22814;"";"Red Junglefowl";"G. g. gallus"
2013;"";3152;2410;22815;"M";"Red Junglefowl";"G. g. gallus"
2013;"";3169;2406;22816;"M";"Red Junglefowl";"G. g. gallus"
2013;"";2404;2446;22817;"F";"Red Junglefowl";"G. g. gallus"
2013;"";3152;2410;22819;"";"Red Junglefowl";"G. g. gallus"
2013;"";2471;3154;22820;"";"Red Junglefowl";"G. g. gallus"
2013;"";2412;2455;22821;"F";"Red Junglefowl";"G. g. gallus"
2013;"";2412;2455;22822;"";"Red Junglefowl";"G. g. gallus"
2013;"";2412;2455;22823;"F";"Red Junglefowl";"G. g. gallus"
2013;"";3152;2410;22824;"M";"Red Junglefowl";"G. g. gallus"
2013;"";2453;2468;22825;"";"Red Junglefowl";"G. g. gallus"
2013;"";2404;2446;22826;"";"Red Junglefowl";"G. g. gallus"
2013;"";3148;2456;22827;"M";"Red Junglefowl";"G. g. gallus"
2013;"";2461;2403;22828;"M";"Red Junglefowl";"G. g. gallus"
2013;"";2469;3153;22829;"";"Red Junglefowl";"G. g. gallus"
2013;"";2453;2468;22830;"M";"Red Junglefowl";"G. g. gallus"
2013;"";3144;2405;22831;"M";"Red Junglefowl";"G. g. gallus"
2013;"";3148;2456;22832;"";"Red Junglefowl";"G. g. gallus"
2013;"";2469;3153;22833;"";"Red Junglefowl";"G. g. gallus"
2013;"";2407;2440;22834;"F";"Red Junglefowl";"G. g. gallus"
2013;"";3148;2456;22835;"";"Red Junglefowl";"G. g. gallus"
2013;"";2401;2422;22836;"";"Red Junglefowl";"G. g. gallus"
2013;"";2401;2422;22837;"F";"Red Junglefowl";"G. g. gallus"
2013;"";3152;2410;22838;"";"Red Junglefowl";"G. g. gallus"
2013;"";2472;2409;22839;"M";"Red Junglefowl";"G. g. gallus"
2013;"";3152;2410;22840;"F";"Red Junglefowl";"G. g. gallus"
2013;"";3152;2410;22841;"";"Red Junglefowl";"G. g. gallus"
2013;"";2453;2468;22842;"";"Red Junglefowl";"G. g. gallus"
2013;"";2404;2446;22843;"";"Red Junglefowl";"G. g. gallus"
2013;"";0;0;22845;"";"Red Junglefowl";"G. g. gallus"
2013;"";2453;2468;22846;"F";"Red Junglefowl";"G. g. gallus"
2013;"";2404;2446;22847;"";"Red Junglefowl";"G. g. gallus"
2013;"";2407;2440;22848;"";"Red Junglefowl";"G. g. gallus"
2013;"";2407;2440;22849;"M";"Red Junglefowl";"G. g. gallus"
2013;"";2469;3153;22850;"";"Red Junglefowl";"G. g. gallus"
2013;"";2412;2455;22851;"";"Red Junglefowl";"G. g. gallus"
2013;"";2453;2468;22852;"F";"Red Junglefowl";"G. g. gallus"
2013;"";3169;2406;22853;"M";"Red Junglefowl";"G. g. gallus"
2013;"";3169;2406;22854;"";"Red Junglefowl";"G. g. gallus"
2013;"";3152;2410;22855;"";"Red Junglefowl";"G. g. gallus"
2013;"";2471;3154;22856;"";"Red Junglefowl";"G. g. gallus"
2013;"";3169;2406;22857;"M";"Red Junglefowl";"G. g. gallus"
2013;"";3144;2405;22858;"";"Red Junglefowl";"G. g. gallus"
2013;"";2471;3154;22859;"";"Red Junglefowl";"G. g. gallus"
2013;"";2469;3153;22860;"M";"Red Junglefowl";"G. g. gallus"
2013;"";3144;2405;22861;"";"Red Junglefowl";"G. g. gallus"
2013;"";2407;2440;22862;"";"Red Junglefowl";"G. g. gallus"
2013;"";3148;2456;22863;"M";"Red Junglefowl";"G. g. gallus"
2013;"";2404;2446;22864;"";"Red Junglefowl";"G. g. gallus"
2013;"";2469;3153;22865;"";"Red Junglefowl";"G. g. gallus"
2013;"";3148;2456;22866;"M";"Red Junglefowl";"G. g. gallus"
2013;"";2469;3153;22867;"";"Red Junglefowl";"G. g. gallus"
2013;"";2404;2446;22868;"";"Red Junglefowl";"G. g. gallus"
2013;"";2454;2413;22869;"F";"Red Junglefowl";"G. g. gallus"
2013;"";2412;2455;22870;"F";"Red Junglefowl";"G. g. gallus"
2013;"";2454;2413;22871;"";"Red Junglefowl";"G. g. gallus"
2013;"";3144;2405;22872;"";"Red Junglefowl";"G. g. gallus"
2013;"";3152;2410;22873;"";"Red Junglefowl";"G. g. gallus"
2013;"";2469;3153;22874;"F";"Red Junglefowl";"G. g. gallus"
2013;"";3148;2456;22875;"";"Red Junglefowl";"G. g. gallus"
2013;"";2425;3170;22876;"";"Red Junglefowl";"G. g. gallus"
2013;"";3144;2405;22877;"";"Red Junglefowl";"G. g. gallus"
2013;"";2469;3153;22878;"";"Red Junglefowl";"G. g. gallus"
2011;"";0;0;34451;"M";"Red Junglefowl";"G. g. gallus"
2011;"";0;0;34452;"";"Red Junglefowl";"G. g. gallus"
2011;"";0;0;34453;"F";"Red Junglefowl";"G. g. gallus"
2011;"";0;0;34454;"";"Red Junglefowl";"G. g. gallus"
2011;"";0;0;34455;"";"Red Junglefowl";"G. g. gallus"
2011;"";0;0;34456;"";"Red Junglefowl";"G. g. gallus"
2011;"";0;0;34458;"M";"Red Junglefowl";"G. g. gallus"
2011;"";0;0;34459;"F";"Red Junglefowl";"G. g. gallus"
2011;"";0;0;34460;"M";"Red Junglefowl";"G. g. gallus"
2011;"";0;0;34461;"";"Red Junglefowl";"G. g. gallus"
2011;"";0;0;34462;"F";"Red Junglefowl";"G. g. gallus"
2011;"";0;0;34463;"";"Red Junglefowl";"G. g. gallus"
2011;"";0;0;34464;"";"Red Junglefowl";"G. g. gallus"
2011;"";0;0;34465;"F";"Red Junglefowl";"G. g. gallus"
2011;"";0;0;34466;"M";"Red Junglefowl";"G. g. gallus"
2011;"";0;0;34467;"M";"Red Junglefowl";"G. g. gallus"
2011;"";0;0;34468;"M";"Red Junglefowl";"G. g. gallus"
2011;"";0;0;34469;"F";"Red Junglefowl";"G. g. gallus"
2011;"";0;0;34470;"";"Red Junglefowl";"G. g. gallus"
2011;"";0;0;34471;"M";"Red Junglefowl";"G. g. gallus"
2011;"";0;0;34472;"F";"Red Junglefowl";"G. g. gallus"
2011;"";0;0;34473;"F";"Red Junglefowl";"G. g. gallus"
2011;"";0;0;34474;"M";"Red Junglefowl";"G. g. gallus"
2011;"";0;0;34475;"";"Red Junglefowl";"G. g. gallus"
2011;"";0;0;34476;"";"Red Junglefowl";"G. g. gallus"
2011;"";0;0;34477;"M";"Red Junglefowl";"G. g. gallus"
2011;"";0;0;34478;"";"Red Junglefowl";"G. g. gallus"
2011;"";0;0;34479;"";"Red Junglefowl";"G. g. gallus"
2011;"";0;0;34480;"M";"Red Junglefowl";"G. g. gallus"
2011;"";0;0;34481;"";"Red Junglefowl";"G. g. gallus"
2011;"";0;0;34482;"";"Red Junglefowl";"G. g. gallus"
2011;"";0;0;34484;"F";"Red Junglefowl";"G. g. gallus"
2011;"";0;0;34485;"M";"Red Junglefowl";"G. g. gallus"
2011;"";0;0;34486;"F";"Red Junglefowl";"G. g. gallus"
2011;"";0;0;34487;"F";"Red Junglefowl";"G. g. gallus"
2011;"";0;0;34488;"F";"Red Junglefowl";"G. g. gallus"
2011;"";0;0;34490;"F";"Red Junglefowl";"G. g. gallus"
2011;"";0;0;34491;"M";"Red Junglefowl";"G. g. gallus"
2011;"";0;0;34492;"M";"Red Junglefowl";"G. g. gallus"
2011;"";0;0;34493;"";"Red Junglefowl";"G. g. gallus"
2011;"";0;0;34494;"";"Red Junglefowl";"G. g. gallus"
2011;"";0;0;34495;"F";"Red Junglefowl";"G. g. gallus"
2011;"";0;0;34496;"";"Red Junglefowl";"G. g. gallus"
2011;"";0;0;34497;"F";"Red Junglefowl";"G. g. gallus"
2011;"";0;0;34498;"";"Red Junglefowl";"G. g. gallus"
2011;"";0;0;34499;"";"Red Junglefowl";"G. g. gallus"
2011;"";0;0;34500;"M";"Red Junglefowl";"G. g. gallus"
2013;"";0;0;34599;"";"Red Junglefowl";"G. g. gallus"
2011;"";0;0;34678;"";"Red Junglefowl";"G. g. gallus"
2011;"";0;0;34679;"";"Red Junglefowl";"G. g. gallus"
2011;"";0;0;34680;"";"Red Junglefowl";"G. g. gallus"
2011;"";0;0;34681;"";"Red Junglefowl";"G. g. gallus"
2011;"";0;0;34682;"";"Red Junglefowl";"G. g. gallus"
2011;"";0;0;34683;"M";"Red Junglefowl";"G. g. gallus"
2011;"";0;0;34685;"";"Red Junglefowl";"G. g. gallus"
2011;"";0;0;34686;"";"Red Junglefowl";"G. g. gallus"
2011;"";0;0;34687;"";"Red Junglefowl";"G. g. gallus"
2011;"";0;0;34688;"";"Red Junglefowl";"G. g. gallus"
2011;"";0;0;34689;"";"Red Junglefowl";"G. g. gallus"
2011;"";0;0;34690;"";"Red Junglefowl";"G. g. gallus"
2011;"";0;0;34691;"F";"Red Junglefowl";"G. g. gallus"
2011;"";0;0;34692;"";"Red Junglefowl";"G. g. gallus"
2015;"";11881;11880;58801;"M";"Red Junglefowl";"G. g. gallus"
2015;"";11881;11880;58802;"";"Red Junglefowl";"G. g. gallus"
2015;"";11881;11880;58803;"";"Red Junglefowl";"G. g. gallus"
2015;"";11881;11880;58804;"";"Red Junglefowl";"G. g. gallus"
2015;"";11878;11839;58805;"M";"Red Junglefowl";"G. g. gallus"
2015;"";11878;11839;58806;"";"Red Junglefowl";"G. g. gallus"
2015;"";11878;11839;58807;"F";"Red Junglefowl";"G. g. gallus"
2015;"";11878;11839;58808;"";"Red Junglefowl";"G. g. gallus"
2015;"";11878;11839;58809;"M";"Red Junglefowl";"G. g. gallus"
2015;"";11878;11839;58810;"F";"Red Junglefowl";"G. g. gallus"
2015;"";11907;11912;58811;"M";"Red Junglefowl";"G. g. gallus"
2015;"";11907;11912;58812;"F";"Red Junglefowl";"G. g. gallus"
2015;"";11907;11912;58813;"F";"Red Junglefowl";"G. g. gallus"
2015;"";11907;11912;58814;"";"Red Junglefowl";"G. g. gallus"
2015;"";11862;11832;58815;"F";"Red Junglefowl";"G. g. gallus"
2015;"";11862;11832;58816;"";"Red Junglefowl";"G. g. gallus"
2015;"";11862;11832;58817;"";"Red Junglefowl";"G. g. gallus"
2015;"";11862;11832;58818;"F";"Red Junglefowl";"G. g. gallus"
2015;"";11862;11832;58819;"F";"Red Junglefowl";"G. g. gallus"
2015;"";11824;11863;58820;"";"Red Junglefowl";"G. g. gallus"
2015;"";11824;11863;58821;"F";"Red Junglefowl";"G. g. gallus"
2015;"";11824;11863;58822;"";"Red Junglefowl";"G. g. gallus"
2015;"";11824;11863;58823;"M";"Red Junglefowl";"G. g. gallus"
2015;"";11824;11863;58824;"";"Red Junglefowl";"G. g. gallus"
2015;"";11835;11858;58825;"M";"Red Junglefowl";"G. g. gallus"
2015;"";11835;11858;58826;"";"Red Junglefowl";"G. g. gallus"
2015;"";11835;11858;58827;"";"Red Junglefowl";"G. g. gallus"
2015;"";11835;11858;58828;"";"Red Junglefowl";"G. g. gallus"
2015;"";11835;11858;58829;"F";"Red Junglefowl";"G. g. gallus"
2015;"";11835;11858;58830;"";"Red Junglefowl";"G. g. gallus"
2015;"";11891;11864;58831;"";"Red Junglefowl";"G. g. gallus"
2015;"";11891;11864;58832;"";"Red Junglefowl";"G. g. gallus"
2015;"";11891;11864;58833;"";"Red Junglefowl";"G. g. gallus"
2015;"";11891;11864;58834;"F";"Red Junglefowl";"G. g. gallus"
2015;"";11891;11864;58835;"";"Red Junglefowl";"G. g. gallus"
2015;"";11891;11864;58836;"";"Red Junglefowl";"G. g. gallus"
2015;"";11876;11873;58837;"";"Red Junglefowl";"G. g. gallus"
2015;"";11876;11873;58838;"";"Red Junglefowl";"G. g. gallus"
2015;"";11876;11873;58839;"F";"Red Junglefowl";"G. g. gallus"
2015;"";11876;11873;58840;"";"Red Junglefowl";"G. g. gallus"
2015;"";11876;11873;58841;"";"Red Junglefowl";"G. g. gallus"
2015;"";11876;11873;58842;"";"Red Junglefowl";"G. g. gallus"
2015;"";11872;11832;58843;"M";"Red Junglefowl";"G. g. gallus"
2015;"";11835;11858;58844;"";"Red Junglefowl";"G. g. gallus"
2015;"";11869;11893;58845;"M";"Red Junglefowl";"G. g. gallus"
2015;"";11869;11893;58846;"";"Red Junglefowl";"G. g. gallus"
2015;"";11869;11893;58847;"";"Red Junglefowl";"G. g. gallus"
2015;"";11869;11893;58848;"";"Red Junglefowl";"G. g. gallus"
2015;"";11869;11893;58849;"M";"Red Junglefowl";"G. g. gallus"
2015;"";11869;11893;58850;"";"Red Junglefowl";"G. g. gallus"
2015;"";11882;11815;58851;"";"Red Junglefowl";"G. g. gallus"
2015;"";11882;11815;58852;"M";"Red Junglefowl";"G. g. gallus"
2015;"";11882;11815;58853;"";"Red Junglefowl";"G. g. gallus"
2015;"";11882;11815;58854;"";"Red Junglefowl";"G. g. gallus"
2015;"";11882;11815;58855;"";"Red Junglefowl";"G. g. gallus"
2015;"";11829;11826;58856;"";"Red Junglefowl";"G. g. gallus"
2015;"";11829;11826;58857;"";"Red Junglefowl";"G. g. gallus"
2015;"";11829;11826;58858;"M";"Red Junglefowl";"G. g. gallus"
2015;"";11829;11826;58859;"F";"Red Junglefowl";"G. g. gallus"
2015;"";11829;11826;58860;"";"Red Junglefowl";"G. g. gallus"
2015;"";11829;11826;58861;"";"Red Junglefowl";"G. g. gallus"
2015;"";11833;11854;58862;"";"Red Junglefowl";"G. g. gallus"
2015;"";11833;11854;58863;"M";"Red Junglefowl";"G. g. gallus"
2015;"";11833;11854;58864;"";"Red Junglefowl";"G. g. gallus"
2015;"";11833;11854;58865;"";"Red Junglefowl";"G. g. gallus"
2015;"";11833;11854;58866;"";"Red Junglefowl";"G. g. gallus"
2015;"";11833;11854;58867;"";"Red Junglefowl";"G. g. gallus"
2015;"";11908;11883;58868;"";"Red Junglefowl";"G. g. gallus"
2015;"";11908;11883;58869;"";"Red Junglefowl";"G. g. gallus"
2015;"";11908;11883;58870;"";"Red Junglefowl";"G. g. gallus"
2015;"";11908;11883;58871;"";"Red Junglefowl";"G. g. gallus"
2015;"";11908;11883;58872;"";"Red Junglefowl";"G. g. gallus"
2015;"";11827;11906;58873;"";"Red Junglefowl";"G. g. gallus"
2015;"";11827;11906;58874;"";"Red Junglefowl";"G. g. gallus"
2015;"";11827;11906;58875;"";"Red Junglefowl";"G. g. gallus"
2015;"";11827;11906;58876;"";"Red Junglefowl";"G. g. gallus"
2015;"";11827;11906;58877;"";"Red Junglefowl";"G. g. gallus"
2015;"";11885;11806;58878;"";"Red Junglefowl";"G. g. gallus"
2015;"";11885;11806;58879;"";"Red Junglefowl";"G. g. gallus"
2015;"";11885;11806;58880;"M";"Red Junglefowl";"G. g. gallus"
2015;"";11885;11806;58881;"";"Red Junglefowl";"G. g. gallus"
2015;"";11837;11889;58882;"M";"Red Junglefowl";"G. g. gallus"
2015;"";11837;11889;58883;"";"Red Junglefowl";"G. g. gallus"
2015;"";11837;11889;58884;"";"Red Junglefowl";"G. g. gallus"
2015;"";11837;11889;58885;"";"Red Junglefowl";"G. g. gallus"
2015;"";11837;11889;58886;"M";"Red Junglefowl";"G. g. gallus"
2015;"";11837;11889;58887;"";"Red Junglefowl";"G. g. gallus"
2015;"";11845;11805;58888;"F";"Red Junglefowl";"G. g. gallus"
2015;"";11845;11805;58889;"";"Red Junglefowl";"G. g. gallus"
2015;"";11845;11805;58890;"";"Red Junglefowl";"G. g. gallus"
2015;"";11845;11805;58891;"";"Red Junglefowl";"G. g. gallus"
2015;"";11845;11805;58892;"";"Red Junglefowl";"G. g. gallus"
2015;"";11845;11805;58893;"";"Red Junglefowl";"G. g. gallus"
2015;"";11823;11815;58894;"";"Red Junglefowl";"G. g. gallus"
2015;"";11823;11815;58895;"M";"Red Junglefowl";"G. g. gallus"
2015;"";11823;11815;58896;"";"Red Junglefowl";"G. g. gallus"
2015;"";11823;11815;58897;"";"Red Junglefowl";"G. g. gallus"
2015;"";11823;11815;58898;"";"Red Junglefowl";"G. g. gallus"
2015;"";11823;11815;58899;"";"Red Junglefowl";"G. g. gallus"
2015;"";11884;11826;58900;"M";"Red Junglefowl";"G. g. gallus"
2015;"";11884;11826;58901;"F";"Red Junglefowl";"G. g. gallus"
2015;"";11884;11826;58902;"";"Red Junglefowl";"G. g. gallus"
2015;"";11884;11826;58903;"";"Red Junglefowl";"G. g. gallus"
2015;"";11914;11856;58904;"";"Red Junglefowl";"G. g. gallus"
2015;"";11914;11856;58905;"F";"Red Junglefowl";"G. g. gallus"
2015;"";11914;11856;58906;"";"Red Junglefowl";"G. g. gallus"
2015;"";11914;11856;58907;"";"Red Junglefowl";"G. g. gallus"
2015;"";11914;11856;58908;"";"Red Junglefowl";"G. g. gallus"
2015;"";11909;11877;58909;"M";"Red Junglefowl";"G. g. gallus"
2015;"";11909;11877;58910;"";"Red Junglefowl";"G. g. gallus"
2015;"";11909;11877;58911;"";"Red Junglefowl";"G. g. gallus"
2015;"";11909;11877;58912;"";"Red Junglefowl";"G. g. gallus"
2015;"";11909;11877;58913;"";"Red Junglefowl";"G. g. gallus"
2015;"";11909;11877;58914;"";"Red Junglefowl";"G. g. gallus"
2015;"";11843;11854;58915;"";"Red Junglefowl";"G. g. gallus"
2015;"";11843;11854;58916;"";"Red Junglefowl";"G. g. gallus"
2015;"";11843;11854;58917;"F";"Red Junglefowl";"G. g. gallus"
2015;"";11843;11854;58918;"";"Red Junglefowl";"G. g. gallus"
2015;"";11843;11854;58919;"M";"Red Junglefowl";"G. g. gallus"
2015;"";11843;11854;58920;"";"Red Junglefowl";"G. g. gallus"
2015;"";2294;11867;58921;"";"Red Junglefowl";"G. g. gallus"
2015;"";2294;11867;58922;"";"Red Junglefowl";"G. g. gallus"
2015;"";2294;11867;58923;"";"Red Junglefowl";"G. g. gallus"
2015;"";2294;11867;58924;"";"Red Junglefowl";"G. g. gallus"
2015;"";2294;11867;58925;"";"Red Junglefowl";"G. g. gallus"
2015;"";11890;11803;58926;"";"Red Junglefowl";"G. g. gallus"
2015;"";11890;11803;58927;"";"Red Junglefowl";"G. g. gallus"
2015;"";11890;11803;58928;"";"Red Junglefowl";"G. g. gallus"
2015;"";11890;11803;58929;"";"Red Junglefowl";"G. g. gallus"
2015;"";11831;11887;58930;"F";"Red Junglefowl";"G. g. gallus"
2015;"";11831;11887;58931;"";"Red Junglefowl";"G. g. gallus"
2015;"";11831;11887;58932;"";"Red Junglefowl";"G. g. gallus"
2015;"";11831;11887;58933;"F";"Red Junglefowl";"G. g. gallus"
2015;"";11831;11887;58934;"";"Red Junglefowl";"G. g. gallus"
2015;"";11808;11811;58935;"M";"Red Junglefowl";"G. g. gallus"
2015;"";11808;11811;58936;"M";"Red Junglefowl";"G. g. gallus"
2015;"";11808;11811;58937;"F";"Red Junglefowl";"G. g. gallus"
2015;"";11808;11811;58938;"F";"Red Junglefowl";"G. g. gallus"
2015;"";11808;11811;58939;"";"Red Junglefowl";"G. g. gallus"
2015;"";11879;11873;58940;"";"Red Junglefowl";"G. g. gallus"
2015;"";11879;11873;58941;"";"Red Junglefowl";"G. g. gallus"
2015;"";11879;11873;58942;"F";"Red Junglefowl";"G. g. gallus"
2015;"";11879;11873;58943;"";"Red Junglefowl";"G. g. gallus"
2015;"";11879;11873;58944;"";"Red Junglefowl";"G. g. gallus"
2015;"";11879;11873;58945;"";"Red Junglefowl";"G. g. gallus"
2015;"";11862;11832;58946;"";"Red Junglefowl";"G. g. gallus"
2015;"";11882;11815;58947;"M";"Red Junglefowl";"G. g. gallus"
2015;"";11827;11906;58948;"F";"Red Junglefowl";"G. g. gallus"
2016;"";58930;58823;60376;"";"Red Junglefowl";"G. g. gallus"
2016;"";58930;58823;60377;"M";"Red Junglefowl";"G. g. gallus"
2016;"";58930;58823;60378;"F";"Red Junglefowl";"G. g. gallus"
2016;"";58930;58823;60379;"F";"Red Junglefowl";"G. g. gallus"
2016;"";58818;58935;60380;"";"Red Junglefowl";"G. g. gallus"
2016;"";58829;58852;60381;"F";"Red Junglefowl";"G. g. gallus"
2016;"";58829;58852;60382;"";"Red Junglefowl";"G. g. gallus"
2016;"";58829;58852;60383;"M";"Red Junglefowl";"G. g. gallus"
2016;"";58829;58852;60384;"";"Red Junglefowl";"G. g. gallus"
2016;"";58829;58852;60385;"";"Red Junglefowl";"G. g. gallus"
2016;"";58810;58909;60386;"";"Red Junglefowl";"G. g. gallus"
2016;"";58810;58909;60387;"M";"Red Junglefowl";"G. g. gallus"
2016;"";58810;58909;60388;"F";"Red Junglefowl";"G. g. gallus"
2016;"";58810;58909;60389;"F";"Red Junglefowl";"G. g. gallus"
2016;"";58810;58909;60390;"";"Red Junglefowl";"G. g. gallus"
2016;"";58821;58895;60391;"M";"Red Junglefowl";"G. g. gallus"
2016;"";58821;58895;60392;"";"Red Junglefowl";"G. g. gallus"
2016;"";58821;58895;60393;"";"Red Junglefowl";"G. g. gallus"
2016;"";58821;58895;60394;"";"Red Junglefowl";"G. g. gallus"
2016;"";58821;58895;60395;"F";"Red Junglefowl";"G. g. gallus"
2016;"";58821;58895;60396;"";"Red Junglefowl";"G. g. gallus"
2016;"";58839;58849;60397;"M";"Red Junglefowl";"G. g. gallus"
2016;"";58839;58849;60398;"M";"Red Junglefowl";"G. g. gallus"
2016;"";58839;58849;60399;"";"Red Junglefowl";"G. g. gallus"
2016;"";58839;58849;60400;"";"Red Junglefowl";"G. g. gallus"
2016;"";58810;58909;60534;"";"Red Junglefowl";"G. g. gallus"
2016;"";58819;58825;60535;"F";"Red Junglefowl";"G. g. gallus"
2016;"";58819;58825;60536;"F";"Red Junglefowl";"G. g. gallus"
2016;"";58819;58825;60537;"";"Red Junglefowl";"G. g. gallus"
2016;"";58905;58880;60538;"M";"Red Junglefowl";"G. g. gallus"
2016;"";58905;58880;60539;"";"Red Junglefowl";"G. g. gallus"
2016;"";58905;58880;60540;"";"Red Junglefowl";"G. g. gallus"
2016;"";58917;58886;60542;"";"Red Junglefowl";"G. g. gallus"
2016;"";58917;58886;60543;"M";"Red Junglefowl";"G. g. gallus"
2016;"";58917;58886;60544;"";"Red Junglefowl";"G. g. gallus"
2016;"";58812;58882;60545;"";"Red Junglefowl";"G. g. gallus"
2016;"";58812;58882;60546;"";"Red Junglefowl";"G. g. gallus"
2016;"";58812;58882;60547;"M";"Red Junglefowl";"G. g. gallus"
2016;"";58812;58882;60548;"F";"Red Junglefowl";"G. g. gallus"
2016;"";58819;58825;60549;"";"Red Junglefowl";"G. g. gallus"
2016;"";58819;58825;60550;"";"Red Junglefowl";"G. g. gallus"
2016;"";58819;58825;60551;"M";"Red Junglefowl";"G. g. gallus"
2016;"";58819;58825;60552;"";"Red Junglefowl";"G. g. gallus"
2016;"";58812;58882;60553;"";"Red Junglefowl";"G. g. gallus"
2016;"";58812;58882;60554;"";"Red Junglefowl";"G. g. gallus"
2016;"";58812;58882;60555;"";"Red Junglefowl";"G. g. gallus"
2016;"";58807;58947;60556;"M";"Red Junglefowl";"G. g. gallus"
2016;"";58807;58947;60557;"";"Red Junglefowl";"G. g. gallus"
2016;"";58807;58947;60558;"F";"Red Junglefowl";"G. g. gallus"
2016;"";58888;58805;60559;"";"Red Junglefowl";"G. g. gallus"
2016;"";58888;58805;60560;"";"Red Junglefowl";"G. g. gallus"
2016;"";58933;58919;60561;"";"Red Junglefowl";"G. g. gallus"
2016;"";58834;58809;60562;"F";"Red Junglefowl";"G. g. gallus"
2016;"";58834;58809;60563;"M";"Red Junglefowl";"G. g. gallus"
2016;"";58834;58809;60564;"M";"Red Junglefowl";"G. g. gallus"
2016;"";58807;58947;60565;"";"Red Junglefowl";"G. g. gallus"
2016;"";58807;58947;60566;"";"Red Junglefowl";"G. g. gallus"
2016;"";58937;58845;60567;"";"Red Junglefowl";"G. g. gallus"
2016;"";58937;58845;60568;"M";"Red Junglefowl";"G. g. gallus"
2016;"";58937;58845;60569;"";"Red Junglefowl";"G. g. gallus"
2016;"";58937;58845;60570;"";"Red Junglefowl";"G. g. gallus"
2016;"";58937;58845;60571;"M";"Red Junglefowl";"G. g. gallus"
2016;"";58917;58886;60573;"M";"Red Junglefowl";"G. g. gallus"
2016;"";58917;58886;60574;"F";"Red Junglefowl";"G. g. gallus"
2016;"";58917;58886;60576;"";"Red Junglefowl";"G. g. gallus"
2016;"";58917;58886;60577;"";"Red Junglefowl";"G. g. gallus"
2016;"";58815;58843;60578;"";"Red Junglefowl";"G. g. gallus"
2016;"";58933;58919;60579;"F";"Red Junglefowl";"G. g. gallus"
2016;"";58933;58919;60580;"M";"Red Junglefowl";"G. g. gallus"
2016;"";58933;58919;60581;"";"Red Junglefowl";"G. g. gallus"
2016;"";58933;58919;60582;"F";"Red Junglefowl";"G. g. gallus"
2016;"";58933;58919;60583;"";"Red Junglefowl";"G. g. gallus"
2016;"";58933;58919;60584;"M";"Red Junglefowl";"G. g. gallus"
2016;"";58905;58880;60585;"F";"Red Junglefowl";"G. g. gallus"
2016;"";58813;58863;60586;"M";"Red Junglefowl";"G. g. gallus"
2016;"";58813;58863;60587;"";"Red Junglefowl";"G. g. gallus"
2016;"";58829;58852;60588;"M";"Red Junglefowl";"G. g. gallus"
2016;"";58829;58852;60589;"M";"Red Junglefowl";"G. g. gallus"
2016;"";58829;58852;60591;"F";"Red Junglefowl";"G. g. gallus"
2016;"";58812;58882;60592;"M";"Red Junglefowl";"G. g. gallus"
2016;"";58834;58809;60593;"M";"Red Junglefowl";"G. g. gallus"
2016;"";58834;58809;60594;"";"Red Junglefowl";"G. g. gallus"
2016;"";58834;58809;60595;"M";"Red Junglefowl";"G. g. gallus"
2016;"";58834;58809;60596;"";"Red Junglefowl";"G. g. gallus"
2016;"";58859;58900;60597;"F";"Red Junglefowl";"G. g. gallus"
2016;"";58948;58936;60598;"";"Red Junglefowl";"G. g. gallus"
2016;"";58930;58823;60599;"F";"Red Junglefowl";"G. g. gallus"
2016;"";58930;58823;60600;"";"Red Junglefowl";"G. g. gallus"
2016;"";58942;58801;60787;"";"Red Junglefowl";"G. g. gallus"
2016;"";58942;58801;60788;"";"Red Junglefowl";"G. g. gallus"
2016;"";58942;58801;60789;"";"Red Junglefowl";"G. g. gallus"
2016;"";58942;58801;60790;"F";"Red Junglefowl";"G. g. gallus"
2016;"";58942;58801;60791;"F";"Red Junglefowl";"G. g. gallus"
2016;"";58937;58845;60961;"";"Red Junglefowl";"G. g. gallus"
2016;"";58901;58858;60963;"M";"Red Junglefowl";"G. g. gallus"
2016;"";58948;58936;60964;"F";"Red Junglefowl";"G. g. gallus"
2016;"";58807;58947;60966;"F";"Red Junglefowl";"G. g. gallus"
2016;"";58938;58811;60967;"F";"Red Junglefowl";"G. g. gallus"
2016;"";58938;58811;60968;"M";"Red Junglefowl";"G. g. gallus"
2016;"";58933;58919;60969;"";"Red Junglefowl";"G. g. gallus"
2016;"";58933;58919;60970;"F";"Red Junglefowl";"G. g. gallus"
2016;"";58815;58843;60971;"";"Red Junglefowl";"G. g. gallus"
2016;"";58815;58843;60972;"F";"Red Junglefowl";"G. g. gallus"
2016;"";58815;58843;60974;"";"Red Junglefowl";"G. g. gallus"
2016;"";58815;58843;60975;"";"Red Junglefowl";"G. g. gallus"
2016;"";58815;58843;60976;"";"Red Junglefowl";"G. g. gallus"
2016;"";58815;58843;60977;"";"Red Junglefowl";"G. g. gallus"
2016;"";58821;58895;60978;"F";"Red Junglefowl";"G. g. gallus"
2016;"";58821;58895;60979;"";"Red Junglefowl";"G. g. gallus"
2016;"";58821;58895;60980;"M";"Red Junglefowl";"G. g. gallus"
2016;"";58821;58895;60981;"";"Red Junglefowl";"G. g. gallus"
2016;"";58859;58900;60982;"";"Red Junglefowl";"G. g. gallus"
2016;"";58859;58900;60983;"";"Red Junglefowl";"G. g. gallus"
2016;"";58859;58900;60984;"M";"Red Junglefowl";"G. g. gallus"
2016;"";58859;58900;60985;"";"Red Junglefowl";"G. g. gallus"
2016;"";58818;58935;60986;"M";"Red Junglefowl";"G. g. gallus"
2016;"";58818;58935;60987;"F";"Red Junglefowl";"G. g. gallus"
2016;"";58818;58935;60988;"F";"Red Junglefowl";"G. g. gallus"
2016;"";58818;58935;60989;"M";"Red Junglefowl";"G. g. gallus"
2016;"";58818;58935;60990;"F";"Red Junglefowl";"G. g. gallus"
2016;"";58818;58935;60991;"";"Red Junglefowl";"G. g. gallus"
2016;"";58818;58935;60992;"";"Red Junglefowl";"G. g. gallus"
2016;"";58818;58935;60993;"";"Red Junglefowl";"G. g. gallus"
2016;"";58937;58845;60995;"";"Red Junglefowl";"G. g. gallus"
2016;"";58937;58845;60996;"";"Red Junglefowl";"G. g. gallus"
2016;"";58810;58909;60997;"F";"Red Junglefowl";"G. g. gallus"
2016;"";58810;58909;60998;"";"Red Junglefowl";"G. g. gallus"
2016;"";58810;58909;60999;"";"Red Junglefowl";"G. g. gallus"
2016;"";58810;58909;61000;"";"Red Junglefowl";"G. g. gallus"
2016;"";58917;58886;63476;"";"Red Junglefowl";"G. g. gallus"
2016;"";58917;58886;63477;"";"Red Junglefowl";"G. g. gallus"
2016;"";58948;58936;63478;"";"Red Junglefowl";"G. g. gallus"
2016;"";58815;58843;63479;"F";"Red Junglefowl";"G. g. gallus"
